transaction_id,transaction_datetime,from_account,to_account,transaction_type,amount,status,channel,remarks
TXN00001,2026-01-01 09:10:00,A1026,A1002,UPI,1000,SUCCESS,Branch,Daily transfer
TXN00002,2026-01-01 09:20:00,A1020,A1097,RTGS,1500,SUCCESS,Branch,Daily transfer
TXN00003,2026-01-01 09:30:00,A1024,A1043,UPI,1500,SUCCESS,ATM,Daily transfer
TXN00004,2026-01-01 09:40:00,A1047,A1030,RTGS,2000,SUCCESS,Mobile App,Daily transfer
TXN00005,2026-01-01 09:50:00,A1023,A1045,RTGS,750,SUCCESS,Internet Banking,Daily transfer
TXN00006,2026-01-01 10:00:00,A1036,A1025,RTGS,1500,SUCCESS,Mobile App,Daily transfer
TXN00007,2026-01-01 10:10:00,A1032,A1089,UPI,750,SUCCESS,Mobile App,Daily transfer
TXN00008,2026-01-01 10:20:00,A1050,A1041,UPI,2000,SUCCESS,Internet Banking,Daily transfer
TXN00009,2026-01-01 10:30:00,A1062,A1055,RTGS,1500,SUCCESS,Mobile App,Daily transfer
TXN00010,2026-01-01 10:40:00,A1024,A1100,IMPS,750,SUCCESS,ATM,Daily transfer
TXN00011,2026-01-01 10:50:00,A1073,A1036,RTGS,2000,SUCCESS,Internet Banking,Daily transfer
TXN00012,2026-01-01 11:00:00,A1084,A1005,NEFT,500,SUCCESS,Mobile App,Daily transfer
TXN00013,2026-01-01 11:10:00,A1010,A1077,UPI,5000,SUCCESS,Internet Banking,Daily transfer
TXN00014,2026-01-01 11:20:00,A1091,A1006,UPI,750,SUCCESS,Internet Banking,Daily transfer
TXN00015,2026-01-01 11:30:00,A1029,A1013,RTGS,750,SUCCESS,Branch,Daily transfer
TXN00016,2026-01-01 11:40:00,A1013,A1011,RTGS,2000,SUCCESS,Branch,Daily transfer
TXN00017,2026-01-01 11:50:00,A1070,A1056,NEFT,250,SUCCESS,ATM,Daily transfer
TXN00018,2026-01-01 12:00:00,A1091,A1041,IMPS,2000,SUCCESS,Mobile App,Daily transfer
TXN00019,2026-01-01 12:10:00,A1026,A1002,NEFT,1000,SUCCESS,ATM,Daily transfer
TXN00020,2026-01-01 12:20:00,A1094,A1059,NEFT,1000,SUCCESS,Branch,Daily transfer
TXN00021,2026-01-01 12:30:00,A1074,A1083,RTGS,1000,SUCCESS,Branch,Daily transfer
TXN00022,2026-01-01 12:40:00,A1032,A1041,RTGS,1500,SUCCESS,Branch,Daily transfer
TXN00023,2026-01-01 12:50:00,A1098,A1006,UPI,2000,SUCCESS,Internet Banking,Daily transfer
TXN00024,2026-01-01 13:00:00,A1057,A1084,NEFT,750,SUCCESS,Branch,Daily transfer
TXN00025,2026-01-01 13:10:00,A1047,A1031,UPI,1500,SUCCESS,ATM,Daily transfer
TXN00026,2026-01-01 13:20:00,A1012,A1040,RTGS,1500,SUCCESS,Branch,Daily transfer
TXN00027,2026-01-01 13:30:00,A1066,A1027,UPI,5000,SUCCESS,Mobile App,Daily transfer
TXN00028,2026-01-01 13:40:00,A1078,A1070,IMPS,2000,SUCCESS,ATM,Daily transfer
TXN00029,2026-01-01 13:50:00,A1050,A1013,RTGS,1000,SUCCESS,Mobile App,Daily transfer
TXN00030,2026-01-01 14:00:00,A1064,A1091,NEFT,5000,SUCCESS,Internet Banking,Daily transfer
TXN00031,2026-01-01 14:10:00,A1033,A1084,NEFT,2000,SUCCESS,Branch,Daily transfer
TXN00032,2026-01-01 14:20:00,A1008,A1054,NEFT,1500,SUCCESS,Mobile App,Daily transfer
TXN00033,2026-01-01 14:30:00,A1029,A1079,RTGS,2000,SUCCESS,ATM,Daily transfer
TXN00034,2026-01-01 14:40:00,A1075,A1040,IMPS,1000,SUCCESS,Internet Banking,Daily transfer
TXN00035,2026-01-01 14:50:00,A1098,A1041,IMPS,5000,SUCCESS,ATM,Daily transfer
TXN00036,2026-01-01 15:00:00,A1055,A1052,UPI,250,SUCCESS,Internet Banking,Daily transfer
TXN00037,2026-01-01 15:10:00,A1070,A1039,IMPS,5000,SUCCESS,Mobile App,Daily transfer
TXN00038,2026-01-01 15:20:00,A1058,A1012,RTGS,2000,SUCCESS,Branch,Daily transfer
TXN00039,2026-01-01 15:30:00,A1057,A1054,NEFT,750,SUCCESS,Branch,Daily transfer
TXN00040,2026-01-01 15:40:00,A1071,A1013,NEFT,1500,SUCCESS,ATM,Daily transfer
TXN00041,2026-01-01 15:50:00,A1022,A1040,UPI,1500,SUCCESS,Mobile App,Daily transfer
TXN00042,2026-01-01 16:00:00,A1083,A1024,NEFT,5000,SUCCESS,Mobile App,Daily transfer
TXN00043,2026-01-01 16:10:00,A1060,A1040,RTGS,750,SUCCESS,ATM,Daily transfer
TXN00044,2026-01-01 16:20:00,A1073,A1021,UPI,5000,SUCCESS,Mobile App,Daily transfer
TXN00045,2026-01-01 16:30:00,A1037,A1072,UPI,1500,SUCCESS,Internet Banking,Daily transfer
TXN00046,2026-01-01 16:40:00,A1096,A1038,IMPS,750,SUCCESS,ATM,Daily transfer
TXN00047,2026-01-01 16:50:00,A1044,A1034,UPI,750,SUCCESS,Branch,Daily transfer
TXN00048,2026-01-01 17:00:00,A1073,A1028,NEFT,2000,SUCCESS,Mobile App,Daily transfer
TXN00049,2026-01-01 17:10:00,A1009,A1079,NEFT,1000,SUCCESS,Mobile App,Daily transfer
TXN00050,2026-01-01 17:20:00,A1073,A1001,UPI,5000,SUCCESS,Internet Banking,Daily transfer
TXN00051,2026-01-01 17:30:00,A1030,A1058,RTGS,5000,SUCCESS,ATM,Daily transfer
TXN00052,2026-01-01 17:40:00,A1068,A1037,NEFT,500,SUCCESS,ATM,Daily transfer
TXN00053,2026-01-01 17:50:00,A1064,A1074,UPI,2000,SUCCESS,ATM,Daily transfer
TXN00054,2026-01-01 18:00:00,A1038,A1003,IMPS,1500,SUCCESS,Internet Banking,Daily transfer
TXN00055,2026-01-01 18:10:00,A1082,A1008,RTGS,1000,SUCCESS,Mobile App,Daily transfer
TXN00056,2026-01-01 18:20:00,A1095,A1069,IMPS,750,SUCCESS,ATM,Daily transfer
TXN00057,2026-01-01 18:30:00,A1021,A1090,IMPS,250,SUCCESS,Internet Banking,Daily transfer
TXN00058,2026-01-01 18:40:00,A1091,A1061,RTGS,500,SUCCESS,Branch,Daily transfer
TXN00059,2026-01-01 18:50:00,A1010,A1083,RTGS,5000,SUCCESS,Internet Banking,Daily transfer
TXN00060,2026-01-01 19:00:00,A1025,A1075,NEFT,1000,SUCCESS,Internet Banking,Daily transfer
TXN00061,2026-01-01 19:10:00,A1099,A1049,IMPS,1000,SUCCESS,Mobile App,Daily transfer
TXN00062,2026-01-01 19:20:00,A1072,A1051,RTGS,1500,SUCCESS,Mobile App,Daily transfer
TXN00063,2026-01-01 19:30:00,A1034,A1093,UPI,250,SUCCESS,Mobile App,Daily transfer
TXN00064,2026-01-01 19:40:00,A1058,A1018,UPI,1000,SUCCESS,ATM,Daily transfer
TXN00065,2026-01-01 19:50:00,A1098,A1044,NEFT,5000,SUCCESS,Internet Banking,Daily transfer
TXN00066,2026-01-01 20:00:00,A1028,A1011,IMPS,1500,SUCCESS,Branch,Daily transfer
TXN00067,2026-01-01 20:10:00,A1026,A1025,NEFT,1000,SUCCESS,Internet Banking,Daily transfer
TXN00068,2026-01-01 20:20:00,A1027,A1008,NEFT,1500,SUCCESS,Internet Banking,Daily transfer
TXN00069,2026-01-01 20:30:00,A1089,A1001,RTGS,2000,SUCCESS,Branch,Daily transfer
TXN00070,2026-01-01 20:40:00,A1075,A1024,IMPS,1500,SUCCESS,Internet Banking,Daily transfer
TXN00071,2026-01-01 20:50:00,A1087,A1030,UPI,2000,SUCCESS,Mobile App,Daily transfer
TXN00072,2026-01-01 21:00:00,A1023,A1019,RTGS,250,SUCCESS,Internet Banking,Daily transfer
TXN00073,2026-01-01 21:10:00,A1098,A1024,NEFT,1000,SUCCESS,ATM,Daily transfer
TXN00074,2026-01-01 21:20:00,A1003,A1074,UPI,5000,SUCCESS,Mobile App,Daily transfer
TXN00075,2026-01-01 21:30:00,A1013,A1012,UPI,250,SUCCESS,Branch,Daily transfer
TXN00076,2026-01-01 21:40:00,A1031,A1036,IMPS,750,SUCCESS,Mobile App,Daily transfer
TXN00077,2026-01-01 21:50:00,A1071,A1065,RTGS,1500,SUCCESS,Branch,Daily transfer
TXN00078,2026-01-01 22:00:00,A1080,A1008,IMPS,500,SUCCESS,Mobile App,Daily transfer
TXN00079,2026-01-01 22:10:00,A1051,A1090,NEFT,500,SUCCESS,Internet Banking,Daily transfer
TXN00080,2026-01-01 22:20:00,A1079,A1063,RTGS,5000,SUCCESS,ATM,Daily transfer
TXN00081,2026-01-01 22:30:00,A1078,A1072,RTGS,250,SUCCESS,Mobile App,Daily transfer
TXN00082,2026-01-01 22:40:00,A1095,A1084,IMPS,250,SUCCESS,ATM,Daily transfer
TXN00083,2026-01-01 22:50:00,A1074,A1037,NEFT,500,SUCCESS,ATM,Daily transfer
TXN00084,2026-01-01 23:00:00,A1014,A1010,IMPS,1500,SUCCESS,Internet Banking,Daily transfer
TXN00085,2026-01-01 23:10:00,A1087,A1066,NEFT,750,SUCCESS,Internet Banking,Daily transfer
TXN00086,2026-01-01 23:20:00,A1062,A1079,UPI,250,SUCCESS,Internet Banking,Daily transfer
TXN00087,2026-01-01 23:30:00,A1016,A1013,NEFT,2000,SUCCESS,Branch,Daily transfer
TXN00088,2026-01-01 23:40:00,A1001,A1054,UPI,2000,SUCCESS,Branch,Daily transfer
TXN00089,2026-01-01 23:50:00,A1052,A1050,NEFT,500,SUCCESS,Branch,Daily transfer
TXN00090,2026-01-02 00:00:00,A1095,A1055,IMPS,1000,SUCCESS,Branch,Daily transfer
TXN00091,2026-01-02 00:10:00,A1001,A1074,NEFT,5000,SUCCESS,Mobile App,Daily transfer
TXN00092,2026-01-02 00:20:00,A1079,A1087,NEFT,1500,SUCCESS,ATM,Daily transfer
TXN00093,2026-01-02 00:30:00,A1059,A1066,RTGS,250,SUCCESS,Mobile App,Daily transfer
TXN00094,2026-01-02 00:40:00,A1068,A1007,RTGS,1500,SUCCESS,ATM,Daily transfer
TXN00095,2026-01-02 00:50:00,A1039,A1038,IMPS,5000,SUCCESS,Branch,Daily transfer
TXN00096,2026-01-02 01:00:00,A1065,A1063,NEFT,1000,SUCCESS,Mobile App,Daily transfer
TXN00097,2026-01-02 01:10:00,A1012,A1037,IMPS,5000,SUCCESS,Internet Banking,Daily transfer
TXN00098,2026-01-02 01:20:00,A1084,A1008,IMPS,2000,SUCCESS,ATM,Daily transfer
TXN00099,2026-01-02 01:30:00,A1086,A1026,RTGS,1000,SUCCESS,ATM,Daily transfer
TXN00100,2026-01-02 01:40:00,A1052,A1049,IMPS,1500,SUCCESS,Mobile App,Daily transfer
